-- ---------------------------------------------------

insert into stadiums values('Camp Nou', 99354, 'Yes', 'Yes');
insert into stadiums values('Santiago Bernabéu', 81044, 'Yes', 'Yes');
insert into stadiums values('Wanda Metropolitano', 68456, 'Yes', 'Yes');
insert into stadiums values('Mendizorrotza Stadium', 19840, 'No', 'No');

insert into stadiums values('Stadion Poznań', 42837, 'Yes', 'Yes');
insert into stadiums values('Stadion Miejski im. Marszałka J. Piłsudskiego', 31800, 'Yes', 'No');
insert into stadiums values('Polsat Plus Arena Gdańsk', 43615, 'Yes', 'No');
insert into stadiums values('Stadion Miejski im. Henryka Reymana', 33326, 'Yes', 'No');

insert into stadiums values('Craven Cottage', 25700, 'Yes', 'Yes');
insert into stadiums values('Selhurst Park', 25456, 'Yes', 'No');
insert into stadiums values('Anfield', 53394, 'Yes', 'Yes');
insert into stadiums values('London Stadium', 80000, 'Yes', 'No');
insert into stadiums values('The Hawthorns', 26688, 'Yes', 'Yes');
insert into stadiums values('Tottenham Hotspur Stadium', 62850, 'Yes', 'No');
insert into stadiums values('Bramall Lane', 32050, 'Yes', 'No');
insert into stadiums values('Amex Stadium', 30666, 'Yes', 'No');
insert into stadiums values('Goodison Park', 39572, 'Yes', 'Yes');
insert into stadiums values('Elland Road', 37792, 'Yes', 'No');
insert into stadiums values('Old Trafford', 76000, 'Yes', 'No');
insert into stadiums values('Emirates Stadium', 33326, 'Yes', 'No');
insert into stadiums values('St. Marys Stadium', 32505, 'Yes', 'Yes');
insert into stadiums values('St. James Park', 52305, 'Yes', 'No');
insert into stadiums values('Stamford Bridge', 41837, 'Yes', 'No');
insert into stadiums values('King Power Stadium', 32312, 'Yes', 'No');
insert into stadiums values('Villa Park', 76588, 'Yes', 'No');
insert into stadiums values('Molineux Stadium', 31700, 'Yes', 'No');
insert into stadiums values('Turf Moor', 21944, 'Yes', 'No');
insert into stadiums values('Etihad Stadium', 53400, 'Yes', 'No');

-- ---------------------------------------------------

insert into teams values('FC Barcelona', 'Barcelona', 'Camp Nou');
insert into teams values('Real Madrid', 'Madrid', 'Santiago Bernabéu');
insert into teams values('Atlético de Madrid', 'Madrid', 'Wanda Metropolitano');
insert into teams values('Deportivo Alavés', 'Vitoria-Gasteiz', 'Mendizorrotza Stadium');

insert into teams values('Lech Poznań', 'Poznań', 'Stadion Poznań');
insert into teams values('Legia Warszawa', 'Warszawa', 'Stadion Miejski im. Marszałka J. Piłsudskiego');
insert into teams values('Lechia Gdańsk', 'Gdańsk', 'Polsat Plus Arena Gdańsk');
insert into teams values('Wisła Kraków', 'Kraków', 'Stadion Miejski im. Henryka Reymana');

insert into teams values('Fulham', 'London', 'Craven Cottage');
insert into teams values('Crystal Palace', 'London', 'Selhurst Park');
insert into teams values('Liverpool', 'Liverpool', 'Anfield');
insert into teams values('West Ham', 'London', 'London Stadium');
insert into teams values('West Brom', 'West Bromwich', 'The Hawthorns');
insert into teams values('Tottenham', 'London', 'Tottenham Hotspur Stadium');
insert into teams values('Sheffield United', 'Sheffield', 'Bramall Lane');
insert into teams values('Brighton', 'Brighton', 'Amex Stadium');
insert into teams values('Everton', 'Liverpool', 'Goodison Park');
insert into teams values('Leeds', 'Leeds', 'Elland Road');
insert into teams values('Manchester United', 'Manchester', 'Old Trafford');
insert into teams values('Arsenal', 'London', 'London Stadium');
insert into teams values('Southampton', 'Southhampton', 'St. Marys Stadium');
insert into teams values('Newcastle', 'Newcastle', 'St. James Park');
insert into teams values('Chelsea', 'London', 'Stamford Bridge');
insert into teams values('Leicester', 'Leicester', 'King Power Stadium');
insert into teams values('Aston Villa', 'Birmingham', 'Villa Park');
insert into teams values('Wolves', 'Wolverhampton', 'Molineux Stadium');
insert into teams values('Burnley', 'Lancashire', 'Turf Moor');
insert into teams values('Manchester City', 'Manchester', 'Etihad Stadium');

-- ---------------------------------------------------

insert into league_seasons values('LaLiga Santander 2021', 2021, 1);
insert into league_seasons values('PKO Ekstraklasa 2021', 2021, 1);
insert into league_seasons values('Premier League 2021', 2021, 1);

-- ---------------------------------------------------

insert into club_employees values('11111111111', 'Gerard', 'Piqué', 115000, DATE '1987-02-02', 'Player', 'Defender', NULL, 'FC Barcelona');
insert into club_employees values('11111111112', 'Sergio', 'Agüero', 135000, DATE '1988-06-02', 'Player', 'Forward', NULL, 'FC Barcelona');
insert into club_employees values('11111111113', 'Memphis', 'Depay', 120000, DATE '1994-02-13', 'Player', 'Forward', NULL, 'FC Barcelona');
insert into club_employees values('11111111114', 'Thomas', 'Lemar', 65000, DATE '1995-11-12', 'Player', 'Midfielder', NULL, 'Atlético de Madrid');
insert into club_employees values('11111111115', 'Luis', 'Suárez', 175000, DATE '1987-01-24', 'Player', 'Forward', NULL, 'Atlético de Madrid');
insert into club_employees values('11111111116', 'Lucas', 'Vázquez', 90000, DATE '1991-07-01', 'Player', 'Midfielder', NULL, 'Real Madrid');
insert into club_employees values('11111111117', 'David', 'Alaba', 90000, DATE '1992-06-24', 'Player', 'Defender', NULL, 'Real Madrid');
insert into club_employees values('11111111118', 'Marco', 'Asensio', 55000, DATE '1996-01-21', 'Player', 'Forward', NULL, 'Real Madrid');
insert into club_employees values('11111111119', 'Karim', 'Benzema', 105000, DATE '1987-12-19', 'Player', 'Forward', NULL, 'Real Madrid');
insert into club_employees values('11111111101', 'Luka', 'Modrić', 120000, DATE '1985-09-09', 'Player', 'Midfielder', NULL, 'Real Madrid');

insert into club_employees values('11111111102', 'Mikael', 'Ishak', 20000, DATE '1993-03-21', 'Player', 'Forward', NULL, 'Lech Poznań');
insert into club_employees values('11111111103', 'Nika', 'Kvekveskiri', 20000, DATE '1992-05-29', 'Player', 'Midfielder', NULL, 'Lech Poznań');
insert into club_employees values('11111111104', 'Maciej', 'Gajos', 10000, DATE '1991-03-19', 'Player', 'Midfielder', NULL, 'Lechia Gdańsk');
insert into club_employees values('11111111105', 'Jarosław', 'Kubicki', 5000, DATE '1995-08-07', 'Player', 'Midfielder', NULL, 'Lechia Gdańsk');
insert into club_employees values('11111111106', 'Łukasz', 'Zwoliński', 6500, DATE '1993-02-24', 'Player', 'Forward', NULL, 'Lechia Gdańsk');
insert into club_employees values('11111111107', 'Tomas', 'Pekhart', 25000, DATE '1989-05-26', 'Player', 'Forward', NULL, 'Legia Warszawa');

insert into club_employees values('11111111108', 'Harry', 'Kane', 310000, DATE '1993-08-26', 'Player', 'Forward', NULL, 'Tottenham');
insert into club_employees values('11111111109', 'Mohamed', 'Salah', 400000, DATE '1992-05-15', 'Player', 'Forward', NULL, 'Liverpool');
insert into club_employees values('11111111001', 'Bruno', 'Fernandes', 180000, DATE '1994-09-08', 'Player', 'Midfielder', NULL, 'Manchester United');
insert into club_employees values('11111111002', 'Son', 'Heung-min', 120000, DATE '1992-07-08', 'Player', 'Forward', NULL, 'Tottenham');
insert into club_employees values('11111111003', 'Jamie', 'Vardy', 65000, DATE '1987-01-11', 'Player', 'Forward', NULL, 'Leicester');
insert into club_employees values('11111111004', 'Pierre-Emerick', 'Aubameyang', 250000, DATE '1989-07-18', 'Player', 'Forward', NULL, 'Arsenal');

-- ---------------------------------------------------

insert into league_employees values('22222222221', 'Szymon', 'Marciniak', DATE '1981-01-07', 'Referee');
insert into league_employees values('22222222222', 'Antonio Mateu', 'Lahoz', DATE '1977-03-12', 'Referee');
insert into league_employees values('22222222223', 'Felix', 'Brych', DATE '1975-08-3', 'Referee');
insert into league_employees values('22222222224', 'John', 'Adams', DATE '1978-09-30', 'Delegate');
insert into league_employees values('22222222225', 'Kacper', 'Kaczmarek', DATE '1984-10-13', 'Delegate');

-- ---------------------------------------------------

insert into matches values(match_seq.nextval, DATE '2021-10-24', 1, 2, 67000, 'FC Barcelona', 'Real Madrid', 'Camp Nou', 'LaLiga Santander 2021', '22222222225');
insert into matches values(match_seq.nextval, DATE '2021-12-12', 2, 0, 55000, 'Real Madrid', 'Atlético de Madrid', 'Santiago Bernabéu', 'LaLiga Santander 2021', '22222222224');
insert into matches values(match_seq.nextval, DATE '2021-10-02', 2, 0, 65345, 'Atlético de Madrid', 'FC Barcelona', 'Wanda Metropolitano', 'LaLiga Santander 2021', '22222222225');

insert into matches values(match_seq.nextval, DATE '2021-10-17', 0, 1, 25702, 'Legia Warszawa', 'Lech Poznań', 'Stadion Miejski im. Marszałka J. Piłsudskiego', 'PKO Ekstraklasa 2021', '22222222225');
insert into matches values(match_seq.nextval, DATE '2021-10-03', 3, 1, 23574, 'Lechia Gdańsk', 'Legia Warszawa', 'Polsat Plus Arena Gdańsk', 'PKO Ekstraklasa 2021', '22222222225');
insert into matches values(match_seq.nextval, DATE '2021-08-22', 2, 0, 14652, 'Lech Poznań', 'Lechia Gdańsk', 'Stadion Poznań', 'PKO Ekstraklasa 2021', '22222222225');

insert into matches values(match_seq.nextval, DATE '2020-09-12', 0, 3, '14603', 'Fulham', 'Arsenal', 'Craven Cottage', 'Premier League 2021', '22222222224');
insert into matches values(match_seq.nextval, DATE '2020-09-12', 1, 0, '10976', 'Crystal Palace', 'Southampton', 'Selhurst Park', 'Premier League 2021', '22222222224');
insert into matches values(match_seq.nextval, DATE '2020-09-12', 4, 3, '17148', 'Liverpool', 'Leeds', 'Anfield', 'Premier League 2021', '22222222224');
insert into matches values(match_seq.nextval, DATE '2020-09-12', 0, 2, '13063', 'West Ham', 'Newcastle', 'London Stadium', 'Premier League 2021', '22222222224');
insert into matches values(match_seq.nextval, DATE '2020-09-13', 0, 3, '20045', 'West Brom', 'Leicester', 'The Hawthorns', 'Premier League 2021', '22222222224');
insert into matches values(match_seq.nextval, DATE '2020-09-13', 0, 1, '12870', 'Tottenham', 'Everton', 'Tottenham Hotspur Stadium', 'Premier League 2021', '22222222224');
insert into matches values(match_seq.nextval, DATE '2020-09-14', 0, 2, '13673', 'Sheffield United', 'Wolves', 'Bramall Lane', 'Premier League 2021', '22222222224');
insert into matches values(match_seq.nextval, DATE '2020-09-14', 1, 3, '17740', 'Brighton', 'Chelsea', 'Amex Stadium', 'Premier League 2021', '22222222224');
insert into matches values(match_seq.nextval, DATE '2020-09-19', 5, 2, '11074', 'Everton', 'West Brom', 'Goodison Park', 'Premier League 2021', '22222222224');
insert into matches values(match_seq.nextval, DATE '2020-09-19', 4, 3, '14507', 'Leeds', 'Fulham', 'Elland Road', 'Premier League 2021', '22222222224');
insert into matches values(match_seq.nextval, DATE '2020-09-19', 1, 3, '14635', 'Manchester United', 'Crystal Palace', 'Old Trafford', 'Premier League 2021', '22222222224');
insert into matches values(match_seq.nextval, DATE '2020-09-19', 2, 1, '17568', 'Arsenal', 'West Ham', 'Emirates Stadium', 'Premier League 2021', '22222222224');
insert into matches values(match_seq.nextval, DATE '2020-09-20', 2, 5, '11838', 'Southampton', 'Tottenham', 'St. Marys Stadium', 'Premier League 2021', '22222222224');
insert into matches values(match_seq.nextval, DATE '2020-09-20', 0, 3, '20625', 'Newcastle', 'Brighton', 'St. James Park', 'Premier League 2021', '22222222224');
insert into matches values(match_seq.nextval, DATE '2020-09-20', 0, 2, '9679', 'Chelsea', 'Liverpool', 'Stamford Bridge', 'Premier League 2021', '22222222224');
insert into matches values(match_seq.nextval, DATE '2020-09-20', 4, 2, '11113', 'Leicester', 'Burnley', 'King Power Stadium', 'Premier League 2021', '22222222224');
insert into matches values(match_seq.nextval, DATE '2020-09-21', 1, 0, '20864', 'Aston Villa', 'Sheffield United', 'Villa Park', 'Premier League 2021', '22222222224');
insert into matches values(match_seq.nextval, DATE '2020-09-21', 1, 3, '15584', 'Wolves', 'Manchester City', 'Molineux Stadium', 'Premier League 2021', '22222222224');
insert into matches values(match_seq.nextval, DATE '2020-09-26', 2, 3, '16111', 'Brighton', 'Manchester United', 'Amex Stadium', 'Premier League 2021', '22222222224');
insert into matches values(match_seq.nextval, DATE '2020-09-26', 1, 2, '18136', 'Crystal Palace', 'Everton', 'Selhurst Park', 'Premier League 2021', '22222222224');
insert into matches values(match_seq.nextval, DATE '2020-09-26', 3, 3, '18399', 'West Brom', 'Chelsea', 'The Hawthorns', 'Premier League 2021', '22222222224');
insert into matches values(match_seq.nextval, DATE '2020-09-26', 0, 1, '10218', 'Burnley', 'Southampton', 'Turf Moor', 'Premier League 2021', '22222222224');
insert into matches values(match_seq.nextval, DATE '2020-09-27', 0, 1, '9558', 'Sheffield United', 'Leeds', 'Bramall Lane', 'Premier League 2021', '22222222224');
insert into matches values(match_seq.nextval, DATE '2020-09-27', 1, 1, '14153', 'Tottenham', 'Newcastle', 'Tottenham Hotspur Stadium', 'Premier League 2021', '22222222224');
insert into matches values(match_seq.nextval, DATE '2020-09-27', 2, 5, '19364', 'Manchester City', 'Leicester', 'Etihad Stadium', 'Premier League 2021', '22222222224');
insert into matches values(match_seq.nextval, DATE '2020-09-27', 4, 0, '12932', 'West Ham', 'Wolves', 'London Stadium', 'Premier League 2021', '22222222224');
insert into matches values(match_seq.nextval, DATE '2020-09-28', 0, 3, '17482', 'Fulham', 'Aston Villa', 'Craven Cottage', 'Premier League 2021', '22222222224');
insert into matches values(match_seq.nextval, DATE '2020-09-28', 3, 1, '12994', 'Liverpool', 'Arsenal', 'Anfield', 'Premier League 2021', '22222222224');
insert into matches values(match_seq.nextval, DATE '2020-10-03', 4, 0, '20602', 'Chelsea', 'Crystal Palace', 'Stamford Bridge', 'Premier League 2021', '22222222224');
insert into matches values(match_seq.nextval, DATE '2020-10-03', 4, 2, '17589', 'Everton', 'Brighton', 'Goodison Park', 'Premier League 2021', '22222222224');
insert into matches values(match_seq.nextval, DATE '2020-10-03', 1, 1, '15679', 'Leeds', 'Manchester City', 'Elland Road', 'Premier League 2021', '22222222224');
insert into matches values(match_seq.nextval, DATE '2020-10-03', 3, 1, '20555', 'Newcastle', 'Burnley', 'St. James Park', 'Premier League 2021', '22222222224');
insert into matches values(match_seq.nextval, DATE '2020-10-04', 0, 3, '17443', 'Leicester', 'West Ham', 'King Power Stadium', 'Premier League 2021', '22222222224');
insert into matches values(match_seq.nextval, DATE '2020-10-04', 2, 0, '19928', 'Southampton', 'West Brom', 'St. Marys Stadium', 'Premier League 2021', '22222222224');
insert into matches values(match_seq.nextval, DATE '2020-10-04', 2, 1, '11841', 'Arsenal', 'Sheffield United', 'Emirates Stadium', 'Premier League 2021', '22222222224');
insert into matches values(match_seq.nextval, DATE '2020-10-04', 1, 0, '12060', 'Wolves', 'Fulham', 'Molineux Stadium', 'Premier League 2021', '22222222224');
insert into matches values(match_seq.nextval, DATE '2020-10-04', 1, 6, '16354', 'Manchester United', 'Tottenham', 'Old Trafford', 'Premier League 2021', '22222222224');
insert into matches values(match_seq.nextval, DATE '2020-10-04', 7, 2, '16080', 'Aston Villa', 'Liverpool', 'Villa Park', 'Premier League 2021', '22222222224');
insert into matches values(match_seq.nextval, DATE '2020-10-17', 2, 2, '10891', 'Everton', 'Liverpool', 'Goodison Park', 'Premier League 2021', '22222222224');
insert into matches values(match_seq.nextval, DATE '2020-10-17', 3, 3, '17750', 'Chelsea', 'Southampton', 'Stamford Bridge', 'Premier League 2021', '22222222224');
insert into matches values(match_seq.nextval, DATE '2020-10-17', 1, 0, '20071', 'Manchester City', 'Arsenal', 'Etihad Stadium', 'Premier League 2021', '22222222224');
insert into matches values(match_seq.nextval, DATE '2020-10-17', 1, 4, '11541', 'Newcastle', 'Manchester United', 'St. James Park', 'Premier League 2021', '22222222224');
insert into matches values(match_seq.nextval, DATE '2020-10-18', 1, 1, '20764', 'Sheffield United', 'Fulham', 'Bramall Lane', 'Premier League 2021', '22222222224');
insert into matches values(match_seq.nextval, DATE '2020-10-18', 1, 1, '13835', 'Crystal Palace', 'Brighton', 'Selhurst Park', 'Premier League 2021', '22222222224');
insert into matches values(match_seq.nextval, DATE '2020-10-18', 3, 3, '16408', 'Tottenham', 'West Ham', 'Tottenham Hotspur Stadium', 'Premier League 2021', '22222222224');
insert into matches values(match_seq.nextval, DATE '2020-10-18', 0, 1, '10208', 'Leicester', 'Aston Villa', 'King Power Stadium', 'Premier League 2021', '22222222224');
insert into matches values(match_seq.nextval, DATE '2020-10-19', 0, 0, '13461', 'West Brom', 'Burnley', 'The Hawthorns', 'Premier League 2021', '22222222224');
insert into matches values(match_seq.nextval, DATE '2020-10-19', 0, 1, '17021', 'Leeds', 'Wolves', 'Elland Road', 'Premier League 2021', '22222222224');
insert into matches values(match_seq.nextval, DATE '2020-10-23', 0, 3, '13388', 'Aston Villa', 'Leeds', 'Villa Park', 'Premier League 2021', '22222222224');
insert into matches values(match_seq.nextval, DATE '2020-10-24', 1, 1, '12951', 'West Ham', 'Manchester City', 'London Stadium', 'Premier League 2021', '22222222224');
insert into matches values(match_seq.nextval, DATE '2020-10-24', 1, 2, '20940', 'Fulham', 'Crystal Palace', 'Craven Cottage', 'Premier League 2021', '22222222224');
insert into matches values(match_seq.nextval, DATE '2020-10-24', 0, 0, '10581', 'Manchester United', 'Chelsea', 'Old Trafford', 'Premier League 2021', '22222222224');
insert into matches values(match_seq.nextval, DATE '2020-10-24', 2, 1, '19576', 'Liverpool', 'Sheffield United', 'Anfield', 'Premier League 2021', '22222222224');
insert into matches values(match_seq.nextval, DATE '2020-10-25', 2, 0, '9666', 'Southampton', 'Everton', 'St. Marys Stadium', 'Premier League 2021', '22222222224');
insert into matches values(match_seq.nextval, DATE '2020-10-25', 1, 1, '9571', 'Wolves', 'Newcastle', 'Molineux Stadium', 'Premier League 2021', '22222222224');
insert into matches values(match_seq.nextval, DATE '2020-10-25', 0, 1, '20450', 'Arsenal', 'Leicester', 'Emirates Stadium', 'Premier League 2021', '22222222224');
insert into matches values(match_seq.nextval, DATE '2020-10-26', 1, 1, '13420', 'Brighton', 'West Brom', 'Amex Stadium', 'Premier League 2021', '22222222224');
insert into matches values(match_seq.nextval, DATE '2020-10-26', 0, 1, '13772', 'Burnley', 'Tottenham', 'Turf Moor', 'Premier League 2021', '22222222224');
insert into matches values(match_seq.nextval, DATE '2020-10-30', 2, 0, '19660', 'Wolves', 'Crystal Palace', 'Molineux Stadium', 'Premier League 2021', '22222222224');
insert into matches values(match_seq.nextval, DATE '2020-10-31', 0, 1, '19892', 'Sheffield United', 'Manchester City', 'Bramall Lane', 'Premier League 2021', '22222222224');
insert into matches values(match_seq.nextval, DATE '2020-10-31', 0, 3, '19441', 'Burnley', 'Chelsea', 'Turf Moor', 'Premier League 2021', '22222222224');
insert into matches values(match_seq.nextval, DATE '2020-10-31', 2, 1, '14825', 'Liverpool', 'West Ham', 'Anfield', 'Premier League 2021', '22222222224');
insert into matches values(match_seq.nextval, DATE '2020-11-01', 3, 4, '18505', 'Aston Villa', 'Southampton', 'Villa Park', 'Premier League 2021', '22222222224');
insert into matches values(match_seq.nextval, DATE '2020-11-01', 2, 1, '14525', 'Newcastle', 'Everton', 'St. James Park', 'Premier League 2021', '22222222224');
insert into matches values(match_seq.nextval, DATE '2020-11-01', 0, 1, '12116', 'Manchester United', 'Arsenal', 'Old Trafford', 'Premier League 2021', '22222222224');
insert into matches values(match_seq.nextval, DATE '2020-11-01', 2, 1, '16004', 'Tottenham', 'Brighton', 'Tottenham Hotspur Stadium', 'Premier League 2021', '22222222224');
insert into matches values(match_seq.nextval, DATE '2020-11-02', 2, 0, '13379', 'Fulham', 'West Brom', 'Craven Cottage', 'Premier League 2021', '22222222224');
insert into matches values(match_seq.nextval, DATE '2020-11-02', 1, 4, '15258', 'Leeds', 'Leicester', 'Elland Road', 'Premier League 2021', '22222222224');
insert into matches values(match_seq.nextval, DATE '2020-11-06', 0, 0, '12445', 'Brighton', 'Burnley', 'Amex Stadium', 'Premier League 2021', '22222222224');
insert into matches values(match_seq.nextval, DATE '2020-11-06', 2, 0, '20245', 'Southampton', 'Newcastle', 'St. Marys Stadium', 'Premier League 2021', '22222222224');
insert into matches values(match_seq.nextval, DATE '2020-11-07', 1, 3, '10171', 'Everton', 'Manchester United', 'Goodison Park', 'Premier League 2021', '22222222224');
insert into matches values(match_seq.nextval, DATE '2020-11-07', 4, 1, '19744', 'Crystal Palace', 'Leeds', 'Selhurst Park', 'Premier League 2021', '22222222224');
insert into matches values(match_seq.nextval, DATE '2020-11-07', 4, 1, '11652', 'Chelsea', 'Sheffield United', 'Stamford Bridge', 'Premier League 2021', '22222222224');
insert into matches values(match_seq.nextval, DATE '2020-11-07', 1, 0, '17331', 'West Ham', 'Fulham', 'London Stadium', 'Premier League 2021', '22222222224');
insert into matches values(match_seq.nextval, DATE '2020-11-08', 0, 1, '16124', 'West Brom', 'Tottenham', 'The Hawthorns', 'Premier League 2021', '22222222224');
insert into matches values(match_seq.nextval, DATE '2020-11-08', 1, 0, '14328', 'Leicester', 'Wolves', 'King Power Stadium', 'Premier League 2021', '22222222224');
insert into matches values(match_seq.nextval, DATE '2020-11-08', 1, 1, '9619', 'Manchester City', 'Liverpool', 'Etihad Stadium', 'Premier League 2021', '22222222224');
insert into matches values(match_seq.nextval, DATE '2020-11-08', 0, 3, '10570', 'Arsenal', 'Aston Villa', 'Emirates Stadium', 'Premier League 2021', '22222222224');
insert into matches values(match_seq.nextval, DATE '2020-11-21', 0, 2, '16460', 'Newcastle', 'Chelsea', 'St. James Park', 'Premier League 2021', '22222222224');
insert into matches values(match_seq.nextval, DATE '2020-11-21', 1, 2, '17957', 'Aston Villa', 'Brighton', 'Villa Park', 'Premier League 2021', '22222222224');
insert into matches values(match_seq.nextval, DATE '2020-11-21', 2, 0, '20296', 'Tottenham', 'Manchester City', 'Tottenham Hotspur Stadium', 'Premier League 2021', '22222222224');
insert into matches values(match_seq.nextval, DATE '2020-11-21', 1, 0, '11141', 'Manchester United', 'West Brom', 'Old Trafford', 'Premier League 2021', '22222222224');
insert into matches values(match_seq.nextval, DATE '2020-11-22', 2, 3, '14393', 'Fulham', 'Everton', 'Craven Cottage', 'Premier League 2021', '22222222224');
insert into matches values(match_seq.nextval, DATE '2020-11-22', 0, 1, '14398', 'Sheffield United', 'West Ham', 'Bramall Lane', 'Premier League 2021', '22222222224');
insert into matches values(match_seq.nextval, DATE '2020-11-22', 0, 0, '17210', 'Leeds', 'Arsenal', 'Elland Road', 'Premier League 2021', '22222222224');
insert into matches values(match_seq.nextval, DATE '2020-11-22', 3, 0, '17464', 'Liverpool', 'Leicester', 'Anfield', 'Premier League 2021', '22222222224');
insert into matches values(match_seq.nextval, DATE '2020-11-23', 1, 0, '16246', 'Burnley', 'Crystal Palace', 'Turf Moor', 'Premier League 2021', '22222222224');
insert into matches values(match_seq.nextval, DATE '2020-11-23', 1, 1, '19383', 'Wolves', 'Southampton', 'Molineux Stadium', 'Premier League 2021', '22222222224');
insert into matches values(match_seq.nextval, DATE '2020-11-27', 0, 2, '11313', 'Crystal Palace', 'Newcastle', 'Selhurst Park', 'Premier League 2021', '22222222224');
insert into matches values(match_seq.nextval, DATE '2020-11-28', 1, 1, '15741', 'Brighton', 'Liverpool', 'Amex Stadium', 'Premier League 2021', '22222222224');
insert into matches values(match_seq.nextval, DATE '2020-11-28', 5, 0, '13893', 'Manchester City', 'Burnley', 'Etihad Stadium', 'Premier League 2021', '22222222224');
insert into matches values(match_seq.nextval, DATE '2020-11-28', 0, 1, '11103', 'Everton', 'Leeds', 'Goodison Park', 'Premier League 2021', '22222222224');
insert into matches values(match_seq.nextval, DATE '2020-11-28', 1, 0, '14474', 'West Brom', 'Sheffield United', 'The Hawthorns', 'Premier League 2021', '22222222224');
insert into matches values(match_seq.nextval, DATE '2020-11-29', 2, 3, '15021', 'Southampton', 'Manchester United', 'St. Marys Stadium', 'Premier League 2021', '22222222224');
insert into matches values(match_seq.nextval, DATE '2020-11-29', 0, 0, '11905', 'Chelsea', 'Tottenham', 'Stamford Bridge', 'Premier League 2021', '22222222224');
insert into matches values(match_seq.nextval, DATE '2020-11-29', 1, 2, '19118', 'Arsenal', 'Wolves', 'Emirates Stadium', 'Premier League 2021', '22222222224');
insert into matches values(match_seq.nextval, DATE '2020-11-30', 1, 2, '17925', 'Leicester', 'Fulham', 'King Power Stadium', 'Premier League 2021', '22222222224');
insert into matches values(match_seq.nextval, DATE '2020-11-30', 2, 1, '20009', 'West Ham', 'Aston Villa', 'London Stadium', 'Premier League 2021', '22222222224');
insert into matches values(match_seq.nextval, DATE '2020-12-05', 1, 1, '17176', 'Burnley', 'Everton', 'Turf Moor', 'Premier League 2021', '22222222224');
insert into matches values(match_seq.nextval, DATE '2020-12-05', 2, 0, '12023', 'Manchester City', 'Fulham', 'Etihad Stadium', 'Premier League 2021', '22222222224');
insert into matches values(match_seq.nextval, DATE '2020-12-05', 1, 3, '14860', 'West Ham', 'Manchester United', 'London Stadium', 'Premier League 2021', '22222222224');
insert into matches values(match_seq.nextval, DATE '2020-12-05', 3, 1, '12823', 'Chelsea', 'Leeds', 'Stamford Bridge', 'Premier League 2021', '22222222224');
insert into matches values(match_seq.nextval, DATE '2020-12-06', 1, 5, '15831', 'West Brom', 'Crystal Palace', 'The Hawthorns', 'Premier League 2021', '22222222224');
insert into matches values(match_seq.nextval, DATE '2020-12-06', 1, 2, '10037', 'Sheffield United', 'Leicester', 'Bramall Lane', 'Premier League 2021', '22222222224');
insert into matches values(match_seq.nextval, DATE '2020-12-06', 2, 0, '13980', 'Tottenham', 'Arsenal', 'Tottenham Hotspur Stadium', 'Premier League 2021', '22222222224');
insert into matches values(match_seq.nextval, DATE '2020-12-06', 4, 0, '15345', 'Liverpool', 'Wolves', 'Anfield', 'Premier League 2021', '22222222224');
insert into matches values(match_seq.nextval, DATE '2020-12-07', 1, 2, '10898', 'Brighton', 'Southampton', 'Amex Stadium', 'Premier League 2021', '22222222224');
insert into matches values(match_seq.nextval, DATE '2020-12-11', 1, 2, '12875', 'Leeds', 'West Ham', 'Elland Road', 'Premier League 2021', '22222222224');
insert into matches values(match_seq.nextval, DATE '2020-12-12', 0, 1, '10198', 'Wolves', 'Aston Villa', 'Molineux Stadium', 'Premier League 2021', '22222222224');
insert into matches values(match_seq.nextval, DATE '2020-12-12', 2, 1, '9597', 'Newcastle', 'West Brom', 'St. James Park', 'Premier League 2021', '22222222224');
insert into matches values(match_seq.nextval, DATE '2020-12-12', 0, 0, '16283', 'Manchester United', 'Manchester City', 'Old Trafford', 'Premier League 2021', '22222222224');
insert into matches values(match_seq.nextval, DATE '2020-12-12', 1, 0, '16922', 'Everton', 'Chelsea', 'Goodison Park', 'Premier League 2021', '22222222224');
insert into matches values(match_seq.nextval, DATE '2020-12-13', 3, 0, '13191', 'Southampton', 'Sheffield United', 'St. Marys Stadium', 'Premier League 2021', '22222222224');
insert into matches values(match_seq.nextval, DATE '2020-12-13', 1, 1, '14899', 'Crystal Palace', 'Tottenham', 'Selhurst Park', 'Premier League 2021', '22222222224');
insert into matches values(match_seq.nextval, DATE '2020-12-13', 1, 1, '17138', 'Fulham', 'Liverpool', 'Craven Cottage', 'Premier League 2021', '22222222224');
insert into matches values(match_seq.nextval, DATE '2020-12-13', 0, 1, '18654', 'Arsenal', 'Burnley', 'Emirates Stadium', 'Premier League 2021', '22222222224');
insert into matches values(match_seq.nextval, DATE '2020-12-13', 3, 0, '13622', 'Leicester', 'Brighton', 'King Power Stadium', 'Premier League 2021', '22222222224');
insert into matches values(match_seq.nextval, DATE '2020-12-15', 2, 1, '17837', 'Wolves', 'Chelsea', 'Molineux Stadium', 'Premier League 2021', '22222222224');
insert into matches values(match_seq.nextval, DATE '2020-12-15', 1, 1, '17329', 'Manchester City', 'West Brom', 'Etihad Stadium', 'Premier League 2021', '22222222224');
insert into matches values(match_seq.nextval, DATE '2020-12-16', 1, 1, '15040', 'Arsenal', 'Southampton', 'Emirates Stadium', 'Premier League 2021', '22222222224');
insert into matches values(match_seq.nextval, DATE '2020-12-16', 5, 2, '12846', 'Leeds', 'Newcastle', 'Elland Road', 'Premier League 2021', '22222222224');
insert into matches values(match_seq.nextval, DATE '2020-12-16', 0, 2, '18570', 'Leicester', 'Everton', 'King Power Stadium', 'Premier League 2021', '22222222224');
insert into matches values(match_seq.nextval, DATE '2020-12-16', 0, 0, '15947', 'Fulham', 'Brighton', 'Craven Cottage', 'Premier League 2021', '22222222224');
insert into matches values(match_seq.nextval, DATE '2020-12-16', 1, 1, '19822', 'West Ham', 'Crystal Palace', 'London Stadium', 'Premier League 2021', '22222222224');
insert into matches values(match_seq.nextval, DATE '2020-12-16', 2, 1, '15473', 'Liverpool', 'Tottenham', 'Anfield', 'Premier League 2021', '22222222224');
insert into matches values(match_seq.nextval, DATE '2020-12-17', 0, 0, '19508', 'Aston Villa', 'Burnley', 'Villa Park', 'Premier League 2021', '22222222224');
insert into matches values(match_seq.nextval, DATE '2020-12-17', 2, 3, '20499', 'Sheffield United', 'Manchester United', 'Bramall Lane', 'Premier League 2021', '22222222224');
insert into matches values(match_seq.nextval, DATE '2020-12-19', 0, 7, '19129', 'Crystal Palace', 'Liverpool', 'Selhurst Park', 'Premier League 2021', '22222222224');
insert into matches values(match_seq.nextval, DATE '2020-12-19', 0, 1, '10516', 'Southampton', 'Manchester City', 'St. Marys Stadium', 'Premier League 2021', '22222222224');
insert into matches values(match_seq.nextval, DATE '2020-12-19', 2, 1, '16194', 'Everton', 'Arsenal', 'Goodison Park', 'Premier League 2021', '22222222224');
insert into matches values(match_seq.nextval, DATE '2020-12-19', 1, 1, '20502', 'Newcastle', 'Fulham', 'St. James Park', 'Premier League 2021', '22222222224');
insert into matches values(match_seq.nextval, DATE '2020-12-20', 1, 1, '13968', 'Brighton', 'Sheffield United', 'Amex Stadium', 'Premier League 2021', '22222222224');
insert into matches values(match_seq.nextval, DATE '2020-12-20', 0, 2, '10792', 'Tottenham', 'Leicester', 'Tottenham Hotspur Stadium', 'Premier League 2021', '22222222224');
insert into matches values(match_seq.nextval, DATE '2020-12-20', 6, 2, '15182', 'Manchester United', 'Leeds', 'Old Trafford', 'Premier League 2021', '22222222224');
insert into matches values(match_seq.nextval, DATE '2020-12-20', 0, 3, '17100', 'West Brom', 'Aston Villa', 'The Hawthorns', 'Premier League 2021', '22222222224');
insert into matches values(match_seq.nextval, DATE '2020-12-21', 2, 1, '17151', 'Burnley', 'Wolves', 'Turf Moor', 'Premier League 2021', '22222222224');
insert into matches values(match_seq.nextval, DATE '2020-12-21', 3, 0, '20669', 'Chelsea', 'West Ham', 'Stamford Bridge', 'Premier League 2021', '22222222224');
insert into matches values(match_seq.nextval, DATE '2020-12-26', 2, 2, '10091', 'Leicester', 'Manchester United', 'King Power Stadium', 'Premier League 2021', '22222222224');
insert into matches values(match_seq.nextval, DATE '2020-12-26', 3, 0, '20929', 'Aston Villa', 'Crystal Palace', 'Villa Park', 'Premier League 2021', '22222222224');
insert into matches values(match_seq.nextval, DATE '2020-12-26', 0, 0, '17784', 'Fulham', 'Southampton', 'Craven Cottage', 'Premier League 2021', '22222222224');
insert into matches values(match_seq.nextval, DATE '2020-12-26', 3, 1, '14581', 'Arsenal', 'Chelsea', 'Emirates Stadium', 'Premier League 2021', '22222222224');
insert into matches values(match_seq.nextval, DATE '2020-12-26', 2, 0, '17251', 'Manchester City', 'Newcastle', 'Etihad Stadium', 'Premier League 2021', '22222222224');
insert into matches values(match_seq.nextval, DATE '2020-12-26', 0, 1, '13816', 'Sheffield United', 'Everton', 'Bramall Lane', 'Premier League 2021', '22222222224');
insert into matches values(match_seq.nextval, DATE '2020-12-27', 1, 0, '15243', 'Leeds', 'Burnley', 'Elland Road', 'Premier League 2021', '22222222224');
insert into matches values(match_seq.nextval, DATE '2020-12-27', 2, 2, '19682', 'West Ham', 'Brighton', 'London Stadium', 'Premier League 2021', '22222222224');
insert into matches values(match_seq.nextval, DATE '2020-12-27', 1, 1, '17014', 'Liverpool', 'West Brom', 'Anfield', 'Premier League 2021', '22222222224');
insert into matches values(match_seq.nextval, DATE '2020-12-27', 1, 1, '16719', 'Wolves', 'Tottenham', 'Molineux Stadium', 'Premier League 2021', '22222222224');
insert into matches values(match_seq.nextval, DATE '2020-12-28', 1, 1, '16372', 'Crystal Palace', 'Leicester', 'Selhurst Park', 'Premier League 2021', '22222222224');
insert into matches values(match_seq.nextval, DATE '2020-12-28', 1, 1, '12851', 'Chelsea', 'Aston Villa', 'Stamford Bridge', 'Premier League 2021', '22222222224');
insert into matches values(match_seq.nextval, DATE '2020-12-29', 0, 1, '13111', 'Brighton', 'Arsenal', 'Amex Stadium', 'Premier League 2021', '22222222224');
insert into matches values(match_seq.nextval, DATE '2020-12-29', 1, 0, '9910', 'Burnley', 'Sheffield United', 'Turf Moor', 'Premier League 2021', '22222222224');
insert into matches values(match_seq.nextval, DATE '2020-12-29', 0, 0, '11249', 'Southampton', 'West Ham', 'St. Marys Stadium', 'Premier League 2021', '22222222224');
insert into matches values(match_seq.nextval, DATE '2020-12-29', 0, 5, '10527', 'West Brom', 'Leeds', 'The Hawthorns', 'Premier League 2021', '22222222224');
insert into matches values(match_seq.nextval, DATE '2020-12-29', 1, 0, '11334', 'Manchester United', 'Wolves', 'Old Trafford', 'Premier League 2021', '22222222224');
insert into matches values(match_seq.nextval, DATE '2020-12-30', 0, 0, '13530', 'Newcastle', 'Liverpool', 'St. James Park', 'Premier League 2021', '22222222224');
insert into matches values(match_seq.nextval, DATE '2021-01-01', 0, 1, '14653', 'Everton', 'West Ham', 'Goodison Park', 'Premier League 2021', '22222222224');
insert into matches values(match_seq.nextval, DATE '2021-01-01', 2, 1, '19062', 'Manchester United', 'Aston Villa', 'Old Trafford', 'Premier League 2021', '22222222224');
insert into matches values(match_seq.nextval, DATE '2021-01-02', 3, 0, '14622', 'Tottenham', 'Leeds', 'Tottenham Hotspur Stadium', 'Premier League 2021', '22222222224');
insert into matches values(match_seq.nextval, DATE '2021-01-02', 2, 0, '12694', 'Crystal Palace', 'Sheffield United', 'Selhurst Park', 'Premier League 2021', '22222222224');
insert into matches values(match_seq.nextval, DATE '2021-01-02', 3, 3, '11161', 'Brighton', 'Wolves', 'Amex Stadium', 'Premier League 2021', '22222222224');
insert into matches values(match_seq.nextval, DATE '2021-01-02', 0, 4, '19573', 'West Brom', 'Arsenal', 'The Hawthorns', 'Premier League 2021', '22222222224');
insert into matches values(match_seq.nextval, DATE '2021-01-03', 1, 2, '19752', 'Newcastle', 'Leicester', 'St. James Park', 'Premier League 2021', '22222222224');
insert into matches values(match_seq.nextval, DATE '2021-01-03', 1, 3, '17979', 'Chelsea', 'Manchester City', 'Stamford Bridge', 'Premier League 2021', '22222222224');
insert into matches values(match_seq.nextval, DATE '2021-01-04', 1, 0, '14679', 'Southampton', 'Liverpool', 'St. Marys Stadium', 'Premier League 2021', '22222222224');
insert into matches values(match_seq.nextval, DATE '2021-01-12', 1, 0, '14109', 'Sheffield United', 'Newcastle', 'Bramall Lane', 'Premier League 2021', '22222222224');
insert into matches values(match_seq.nextval, DATE '2021-01-12', 0, 1, '18068', 'Burnley', 'Manchester United', 'Turf Moor', 'Premier League 2021', '22222222224');
insert into matches values(match_seq.nextval, DATE '2021-01-12', 1, 2, '11773', 'Wolves', 'Everton', 'Molineux Stadium', 'Premier League 2021', '22222222224');
insert into matches values(match_seq.nextval, DATE '2021-01-13', 1, 0, '17611', 'Manchester City', 'Brighton', 'Etihad Stadium', 'Premier League 2021', '22222222224');
insert into matches values(match_seq.nextval, DATE '2021-01-13', 1, 1, '14101', 'Tottenham', 'Fulham', 'Tottenham Hotspur Stadium', 'Premier League 2021', '22222222224');
insert into matches values(match_seq.nextval, DATE '2021-01-14', 0, 0, '11030', 'Arsenal', 'Crystal Palace', 'Emirates Stadium', 'Premier League 2021', '22222222224');
insert into matches values(match_seq.nextval, DATE '2021-01-16', 2, 3, '15809', 'Wolves', 'West Brom', 'Molineux Stadium', 'Premier League 2021', '22222222224');
insert into matches values(match_seq.nextval, DATE '2021-01-16', 0, 1, '9958', 'Leeds', 'Brighton', 'Elland Road', 'Premier League 2021', '22222222224');
insert into matches values(match_seq.nextval, DATE '2021-01-16', 1, 0, '9929', 'West Ham', 'Burnley', 'London Stadium', 'Premier League 2021', '22222222224');
insert into matches values(match_seq.nextval, DATE '2021-01-16', 0, 1, '16241', 'Fulham', 'Chelsea', 'Craven Cottage', 'Premier League 2021', '22222222224');
insert into matches values(match_seq.nextval, DATE '2021-01-16', 2, 0, '19091', 'Leicester', 'Southampton', 'King Power Stadium', 'Premier League 2021', '22222222224');
insert into matches values(match_seq.nextval, DATE '2021-01-17', 1, 3, '12684', 'Sheffield United', 'Tottenham', 'Bramall Lane', 'Premier League 2021', '22222222224');
insert into matches values(match_seq.nextval, DATE '2021-01-17', 0, 0, '16255', 'Liverpool', 'Manchester United', 'Anfield', 'Premier League 2021', '22222222224');
insert into matches values(match_seq.nextval, DATE '2021-01-17', 4, 0, '18622', 'Manchester City', 'Crystal Palace', 'Etihad Stadium', 'Premier League 2021', '22222222224');
insert into matches values(match_seq.nextval, DATE '2021-01-18', 3, 0, '11077', 'Arsenal', 'Newcastle', 'Emirates Stadium', 'Premier League 2021', '22222222224');
insert into matches values(match_seq.nextval, DATE '2021-01-19', 2, 1, '20183', 'West Ham', 'West Brom', 'London Stadium', 'Premier League 2021', '22222222224');
insert into matches values(match_seq.nextval, DATE '2021-01-19', 2, 0, '9766', 'Leicester', 'Chelsea', 'King Power Stadium', 'Premier League 2021', '22222222224');
insert into matches values(match_seq.nextval, DATE '2021-01-20', 2, 0, '10087', 'Manchester City', 'Aston Villa', 'Etihad Stadium', 'Premier League 2021', '22222222224');
insert into matches values(match_seq.nextval, DATE '2021-01-20', 1, 2, '16183', 'Fulham', 'Manchester United', 'Craven Cottage', 'Premier League 2021', '22222222224');
insert into matches values(match_seq.nextval, DATE '2021-01-21', 0, 1, '17817', 'Liverpool', 'Burnley', 'Anfield', 'Premier League 2021', '22222222224');
insert into matches values(match_seq.nextval, DATE '2021-01-23', 2, 0, '13323', 'Aston Villa', 'Newcastle', 'Villa Park', 'Premier League 2021', '22222222224');
insert into matches values(match_seq.nextval, DATE '2021-01-26', 1, 2, '11116', 'Newcastle', 'Leeds', 'St. James Park', 'Premier League 2021', '22222222224');
insert into matches values(match_seq.nextval, DATE '2021-01-26', 2, 3, '15206', 'Crystal Palace', 'West Ham', 'Selhurst Park', 'Premier League 2021', '22222222224');
insert into matches values(match_seq.nextval, DATE '2021-01-26', 0, 5, '13339', 'West Brom', 'Manchester City', 'The Hawthorns', 'Premier League 2021', '22222222224');
insert into matches values(match_seq.nextval, DATE '2021-01-26', 1, 3, '10981', 'Southampton', 'Arsenal', 'St. Marys Stadium', 'Premier League 2021', '22222222224');
insert into matches values(match_seq.nextval, DATE '2021-01-27', 3, 2, '18639', 'Burnley', 'Aston Villa', 'Turf Moor', 'Premier League 2021', '22222222224');
insert into matches values(match_seq.nextval, DATE '2021-01-27', 0, 0, '11431', 'Chelsea', 'Wolves', 'Stamford Bridge', 'Premier League 2021', '22222222224');
insert into matches values(match_seq.nextval, DATE '2021-01-27', 0, 0, '12344', 'Brighton', 'Fulham', 'Amex Stadium', 'Premier League 2021', '22222222224');
insert into matches values(match_seq.nextval, DATE '2021-01-27', 1, 1, '15022', 'Everton', 'Leicester', 'Goodison Park', 'Premier League 2021', '22222222224');
insert into matches values(match_seq.nextval, DATE '2021-01-27', 1, 2, '18720', 'Manchester United', 'Sheffield United', 'Old Trafford', 'Premier League 2021', '22222222224');
insert into matches values(match_seq.nextval, DATE '2021-01-28', 1, 3, '19443', 'Tottenham', 'Liverpool', 'Tottenham Hotspur Stadium', 'Premier League 2021', '22222222224');
insert into matches values(match_seq.nextval, DATE '2021-01-30', 0, 2, '9701', 'Everton', 'Newcastle', 'Goodison Park', 'Premier League 2021', '22222222224');
insert into matches values(match_seq.nextval, DATE '2021-01-30', 1, 0, '10609', 'Crystal Palace', 'Wolves', 'Selhurst Park', 'Premier League 2021', '22222222224');
insert into matches values(match_seq.nextval, DATE '2021-01-30', 1, 0, '14330', 'Manchester City', 'Sheffield United', 'Etihad Stadium', 'Premier League 2021', '22222222224');
insert into matches values(match_seq.nextval, DATE '2021-01-30', 2, 2, '15136', 'West Brom', 'Fulham', 'The Hawthorns', 'Premier League 2021', '22222222224');
insert into matches values(match_seq.nextval, DATE '2021-01-30', 0, 0, '9850', 'Arsenal', 'Manchester United', 'Emirates Stadium', 'Premier League 2021', '22222222224');
insert into matches values(match_seq.nextval, DATE '2021-01-30', 0, 1, '12596', 'Southampton', 'Aston Villa', 'St. Marys Stadium', 'Premier League 2021', '22222222224');
insert into matches values(match_seq.nextval, DATE '2021-01-31', 2, 0, '11799', 'Chelsea', 'Burnley', 'Stamford Bridge', 'Premier League 2021', '22222222224');
insert into matches values(match_seq.nextval, DATE '2021-01-31', 1, 3, '20975', 'Leicester', 'Leeds', 'King Power Stadium', 'Premier League 2021', '22222222224');
insert into matches values(match_seq.nextval, DATE '2021-01-31', 1, 3, '15486', 'West Ham', 'Liverpool', 'London Stadium', 'Premier League 2021', '22222222224');
insert into matches values(match_seq.nextval, DATE '2021-01-31', 1, 0, '19683', 'Brighton', 'Tottenham', 'Amex Stadium', 'Premier League 2021', '22222222224');
insert into matches values(match_seq.nextval, DATE '2021-02-02', 2, 1, '15786', 'Sheffield United', 'West Brom', 'Bramall Lane', 'Premier League 2021', '22222222224');
insert into matches values(match_seq.nextval, DATE '2021-02-02', 2, 1, '14924', 'Wolves', 'Arsenal', 'Molineux Stadium', 'Premier League 2021', '22222222224');
insert into matches values(match_seq.nextval, DATE '2021-02-02', 9, 0, '10159', 'Manchester United', 'Southampton', 'Old Trafford', 'Premier League 2021', '22222222224');
insert into matches values(match_seq.nextval, DATE '2021-02-02', 1, 2, '19718', 'Newcastle', 'Crystal Palace', 'St. James Park', 'Premier League 2021', '22222222224');
insert into matches values(match_seq.nextval, DATE '2021-02-03', 0, 2, '20248', 'Burnley', 'Manchester City', 'Turf Moor', 'Premier League 2021', '22222222224');
insert into matches values(match_seq.nextval, DATE '2021-02-03', 0, 2, '15853', 'Fulham', 'Leicester', 'Craven Cottage', 'Premier League 2021', '22222222224');
insert into matches values(match_seq.nextval, DATE '2021-02-03', 1, 2, '20600', 'Leeds', 'Everton', 'Elland Road', 'Premier League 2021', '22222222224');
insert into matches values(match_seq.nextval, DATE '2021-02-03', 1, 3, '12818', 'Aston Villa', 'West Ham', 'Villa Park', 'Premier League 2021', '22222222224');
insert into matches values(match_seq.nextval, DATE '2021-02-03', 0, 1, '19116', 'Liverpool', 'Brighton', 'Anfield', 'Premier League 2021', '22222222224');
insert into matches values(match_seq.nextval, DATE '2021-02-04', 0, 1, '20186', 'Tottenham', 'Chelsea', 'Tottenham Hotspur Stadium', 'Premier League 2021', '22222222224');
insert into matches values(match_seq.nextval, DATE '2021-02-06', 1, 0, '18492', 'Aston Villa', 'Arsenal', 'Villa Park', 'Premier League 2021', '22222222224');
insert into matches values(match_seq.nextval, DATE '2021-02-06', 1, 1, '12868', 'Burnley', 'Brighton', 'Turf Moor', 'Premier League 2021', '22222222224');
insert into matches values(match_seq.nextval, DATE '2021-02-06', 3, 2, '13887', 'Newcastle', 'Southampton', 'St. James Park', 'Premier League 2021', '22222222224');
insert into matches values(match_seq.nextval, DATE '2021-02-06', 0, 0, '20061', 'Fulham', 'West Ham', 'Craven Cottage', 'Premier League 2021', '22222222224');
insert into matches values(match_seq.nextval, DATE '2021-02-06', 3, 3, '9646', 'Manchester United', 'Everton', 'Old Trafford', 'Premier League 2021', '22222222224');
insert into matches values(match_seq.nextval, DATE '2021-02-07', 2, 0, '13702', 'Tottenham', 'West Brom', 'Tottenham Hotspur Stadium', 'Premier League 2021', '22222222224');
insert into matches values(match_seq.nextval, DATE '2021-02-07', 0, 0, '20995', 'Wolves', 'Leicester', 'Molineux Stadium', 'Premier League 2021', '22222222224');
insert into matches values(match_seq.nextval, DATE '2021-02-07', 1, 4, '16923', 'Liverpool', 'Manchester City', 'Anfield', 'Premier League 2021', '22222222224');
insert into matches values(match_seq.nextval, DATE '2021-02-07', 1, 2, '14205', 'Sheffield United', 'Chelsea', 'Bramall Lane', 'Premier League 2021', '22222222224');
insert into matches values(match_seq.nextval, DATE '2021-02-08', 2, 0, '16858', 'Leeds', 'Crystal Palace', 'Elland Road', 'Premier League 2021', '22222222224');
insert into matches values(match_seq.nextval, DATE '2021-02-13', 3, 1, '19506', 'Leicester', 'Liverpool', 'King Power Stadium', 'Premier League 2021', '22222222224');
insert into matches values(match_seq.nextval, DATE '2021-02-13', 0, 3, '16284', 'Crystal Palace', 'Burnley', 'Selhurst Park', 'Premier League 2021', '22222222224');
insert into matches values(match_seq.nextval, DATE '2021-02-13', 3, 0, '18910', 'Manchester City', 'Tottenham', 'Etihad Stadium', 'Premier League 2021', '22222222224');
insert into matches values(match_seq.nextval, DATE '2021-02-13', 0, 0, '18559', 'Brighton', 'Aston Villa', 'Amex Stadium', 'Premier League 2021', '22222222224');
insert into matches values(match_seq.nextval, DATE '2021-02-14', 1, 2, '19344', 'Southampton', 'Wolves', 'St. Marys Stadium', 'Premier League 2021', '22222222224');
insert into matches values(match_seq.nextval, DATE '2021-02-14', 1, 1, '17586', 'West Brom', 'Manchester United', 'The Hawthorns', 'Premier League 2021', '22222222224');
insert into matches values(match_seq.nextval, DATE '2021-02-14', 4, 2, '17339', 'Arsenal', 'Leeds', 'Emirates Stadium', 'Premier League 2021', '22222222224');
insert into matches values(match_seq.nextval, DATE '2021-02-14', 0, 2, '20820', 'Everton', 'Fulham', 'Goodison Park', 'Premier League 2021', '22222222224');
insert into matches values(match_seq.nextval, DATE '2021-02-15', 3, 0, '15005', 'West Ham', 'Sheffield United', 'London Stadium', 'Premier League 2021', '22222222224');
insert into matches values(match_seq.nextval, DATE '2021-02-15', 2, 0, '9616', 'Chelsea', 'Newcastle', 'Stamford Bridge', 'Premier League 2021', '22222222224');
insert into matches values(match_seq.nextval, DATE '2021-02-17', 1, 1, '11633', 'Burnley', 'Fulham', 'Turf Moor', 'Premier League 2021', '22222222224');
insert into matches values(match_seq.nextval, DATE '2021-02-17', 1, 3, '11186', 'Everton', 'Manchester City', 'Goodison Park', 'Premier League 2021', '22222222224');
insert into matches values(match_seq.nextval, DATE '2021-02-19', 1, 0, '10469', 'Wolves', 'Leeds', 'Molineux Stadium', 'Premier League 2021', '22222222224');
insert into matches values(match_seq.nextval, DATE '2021-02-20', 1, 1, '13885', 'Southampton', 'Chelsea', 'St. Marys Stadium', 'Premier League 2021', '22222222224');
insert into matches values(match_seq.nextval, DATE '2021-02-20', 0, 0, '10314', 'Burnley', 'West Brom', 'Turf Moor', 'Premier League 2021', '22222222224');
insert into matches values(match_seq.nextval, DATE '2021-02-20', 0, 2, '14768', 'Liverpool', 'Everton', 'Anfield', 'Premier League 2021', '22222222224');
insert into matches values(match_seq.nextval, DATE '2021-02-20', 1, 0, '19227', 'Fulham', 'Sheffield United', 'Craven Cottage', 'Premier League 2021', '22222222224');
insert into matches values(match_seq.nextval, DATE '2021-02-21', 2, 1, '9974', 'West Ham', 'Tottenham', 'London Stadium', 'Premier League 2021', '22222222224');
insert into matches values(match_seq.nextval, DATE '2021-02-21', 1, 2, '20506', 'Aston Villa', 'Leicester', 'Villa Park', 'Premier League 2021', '22222222224');
insert into matches values(match_seq.nextval, DATE '2021-02-21', 0, 1, '19655', 'Arsenal', 'Manchester City', 'Emirates Stadium', 'Premier League 2021', '22222222224');
insert into matches values(match_seq.nextval, DATE '2021-02-21', 3, 1, '14439', 'Manchester United', 'Newcastle', 'Old Trafford', 'Premier League 2021', '22222222224');
insert into matches values(match_seq.nextval, DATE '2021-02-22', 1, 2, '12590', 'Brighton', 'Crystal Palace', 'Amex Stadium', 'Premier League 2021', '22222222224');
insert into matches values(match_seq.nextval, DATE '2021-02-23', 3, 0, '12381', 'Leeds', 'Southampton', 'Elland Road', 'Premier League 2021', '22222222224');
insert into matches values(match_seq.nextval, DATE '2021-02-27', 2, 1, '18302', 'Manchester City', 'West Ham', 'Etihad Stadium', 'Premier League 2021', '22222222224');
insert into matches values(match_seq.nextval, DATE '2021-02-27', 1, 0, '10597', 'West Brom', 'Brighton', 'The Hawthorns', 'Premier League 2021', '22222222224');
insert into matches values(match_seq.nextval, DATE '2021-02-27', 0, 1, '10858', 'Leeds', 'Aston Villa', 'Elland Road', 'Premier League 2021', '22222222224');
insert into matches values(match_seq.nextval, DATE '2021-02-27', 1, 1, '17828', 'Newcastle', 'Wolves', 'St. James Park', 'Premier League 2021', '22222222224');
insert into matches values(match_seq.nextval, DATE '2021-02-28', 0, 0, '18318', 'Crystal Palace', 'Fulham', 'Selhurst Park', 'Premier League 2021', '22222222224');
insert into matches values(match_seq.nextval, DATE '2021-02-28', 1, 3, '19892', 'Leicester', 'Arsenal', 'King Power Stadium', 'Premier League 2021', '22222222224');
insert into matches values(match_seq.nextval, DATE '2021-02-28', 4, 0, '19940', 'Tottenham', 'Burnley', 'Tottenham Hotspur Stadium', 'Premier League 2021', '22222222224');
insert into matches values(match_seq.nextval, DATE '2021-02-28', 0, 0, '11030', 'Chelsea', 'Manchester United', 'Stamford Bridge', 'Premier League 2021', '22222222224');
insert into matches values(match_seq.nextval, DATE '2021-02-28', 0, 2, '15789', 'Sheffield United', 'Liverpool', 'Bramall Lane', 'Premier League 2021', '22222222224');
insert into matches values(match_seq.nextval, DATE '2021-03-01', 1, 0, '13887', 'Everton', 'Southampton', 'Goodison Park', 'Premier League 2021', '22222222224');
insert into matches values(match_seq.nextval, DATE '2021-03-02', 4, 1, '13033', 'Manchester City', 'Wolves', 'Etihad Stadium', 'Premier League 2021', '22222222224');
insert into matches values(match_seq.nextval, DATE '2021-03-03', 1, 1, '20858', 'Burnley', 'Leicester', 'Turf Moor', 'Premier League 2021', '22222222224');
insert into matches values(match_seq.nextval, DATE '2021-03-03', 1, 0, '12296', 'Sheffield United', 'Aston Villa', 'Bramall Lane', 'Premier League 2021', '22222222224');
insert into matches values(match_seq.nextval, DATE '2021-03-03', 0, 0, '16305', 'Crystal Palace', 'Manchester United', 'Selhurst Park', 'Premier League 2021', '22222222224');
insert into matches values(match_seq.nextval, DATE '2021-03-04', 0, 1, '10587', 'West Brom', 'Everton', 'The Hawthorns', 'Premier League 2021', '22222222224');
insert into matches values(match_seq.nextval, DATE '2021-03-04', 0, 1, '14086', 'Fulham', 'Tottenham', 'Craven Cottage', 'Premier League 2021', '22222222224');
insert into matches values(match_seq.nextval, DATE '2021-03-04', 0, 1, '14508', 'Liverpool', 'Chelsea', 'Anfield', 'Premier League 2021', '22222222224');
insert into matches values(match_seq.nextval, DATE '2021-03-06', 1, 1, '9761', 'Burnley', 'Arsenal', 'Turf Moor', 'Premier League 2021', '22222222224');
insert into matches values(match_seq.nextval, DATE '2021-03-06', 0, 2, '17239', 'Sheffield United', 'Southampton', 'Bramall Lane', 'Premier League 2021', '22222222224');
insert into matches values(match_seq.nextval, DATE '2021-03-06', 0, 0, '9757', 'Aston Villa', 'Wolves', 'Villa Park', 'Premier League 2021', '22222222224');
insert into matches values(match_seq.nextval, DATE '2021-03-06', 1, 2, '12399', 'Brighton', 'Leicester', 'Amex Stadium', 'Premier League 2021', '22222222224');
insert into matches values(match_seq.nextval, DATE '2021-03-07', 0, 0, '18516', 'West Brom', 'Newcastle', 'The Hawthorns', 'Premier League 2021', '22222222224');
insert into matches values(match_seq.nextval, DATE '2021-03-07', 0, 1, '18052', 'Liverpool', 'Fulham', 'Anfield', 'Premier League 2021', '22222222224');
insert into matches values(match_seq.nextval, DATE '2021-03-07', 0, 2, '10478', 'Manchester City', 'Manchester United', 'Etihad Stadium', 'Premier League 2021', '22222222224');
insert into matches values(match_seq.nextval, DATE '2021-03-07', 4, 1, '12071', 'Tottenham', 'Crystal Palace', 'Tottenham Hotspur Stadium', 'Premier League 2021', '22222222224');
insert into matches values(match_seq.nextval, DATE '2021-03-08', 2, 0, '13866', 'Chelsea', 'Everton', 'Stamford Bridge', 'Premier League 2021', '22222222224');
insert into matches values(match_seq.nextval, DATE '2021-03-08', 2, 0, '10852', 'West Ham', 'Leeds', 'London Stadium', 'Premier League 2021', '22222222224');
insert into matches values(match_seq.nextval, DATE '2021-03-10', 5, 2, '11576', 'Manchester City', 'Southampton', 'Etihad Stadium', 'Premier League 2021', '22222222224');
insert into matches values(match_seq.nextval, DATE '2021-03-12', 1, 1, '19243', 'Newcastle', 'Aston Villa', 'St. James Park', 'Premier League 2021', '22222222224');
insert into matches values(match_seq.nextval, DATE '2021-03-13', 0, 0, '17370', 'Leeds', 'Chelsea', 'Elland Road', 'Premier League 2021', '22222222224');
insert into matches values(match_seq.nextval, DATE '2021-03-13', 1, 0, '13611', 'Crystal Palace', 'West Brom', 'Selhurst Park', 'Premier League 2021', '22222222224');
insert into matches values(match_seq.nextval, DATE '2021-03-13', 1, 2, '18801', 'Everton', 'Burnley', 'Goodison Park', 'Premier League 2021', '22222222224');
insert into matches values(match_seq.nextval, DATE '2021-03-13', 0, 3, '11665', 'Fulham', 'Manchester City', 'Craven Cottage', 'Premier League 2021', '22222222224');
insert into matches values(match_seq.nextval, DATE '2021-03-14', 1, 2, '15166', 'Southampton', 'Brighton', 'St. Marys Stadium', 'Premier League 2021', '22222222224');
insert into matches values(match_seq.nextval, DATE '2021-03-14', 5, 0, '15104', 'Leicester', 'Sheffield United', 'King Power Stadium', 'Premier League 2021', '22222222224');
insert into matches values(match_seq.nextval, DATE '2021-03-14', 2, 1, '13320', 'Arsenal', 'Tottenham', 'Emirates Stadium', 'Premier League 2021', '22222222224');
insert into matches values(match_seq.nextval, DATE '2021-03-14', 1, 0, '12624', 'Manchester United', 'West Ham', 'Old Trafford', 'Premier League 2021', '22222222224');
insert into matches values(match_seq.nextval, DATE '2021-03-15', 0, 1, '18673', 'Wolves', 'Liverpool', 'Molineux Stadium', 'Premier League 2021', '22222222224');
insert into matches values(match_seq.nextval, DATE '2021-03-19', 1, 2, '16262', 'Fulham', 'Leeds', 'Craven Cottage', 'Premier League 2021', '22222222224');
insert into matches values(match_seq.nextval, DATE '2021-03-20', 3, 0, '19555', 'Brighton', 'Newcastle', 'Amex Stadium', 'Premier League 2021', '22222222224');
insert into matches values(match_seq.nextval, DATE '2021-03-21', 3, 3, '17733', 'West Ham', 'Arsenal', 'London Stadium', 'Premier League 2021', '22222222224');
insert into matches values(match_seq.nextval, DATE '2021-03-21', 0, 2, '11492', 'Aston Villa', 'Tottenham', 'Villa Park', 'Premier League 2021', '22222222224');
insert into matches values(match_seq.nextval, DATE '2021-04-03', 2, 5, '20235', 'Chelsea', 'West Brom', 'Stamford Bridge', 'Premier League 2021', '22222222224');
insert into matches values(match_seq.nextval, DATE '2021-04-03', 2, 1, '10329', 'Leeds', 'Sheffield United', 'Elland Road', 'Premier League 2021', '22222222224');
insert into matches values(match_seq.nextval, DATE '2021-04-03', 0, 2, '18215', 'Leicester', 'Manchester City', 'King Power Stadium', 'Premier League 2021', '22222222224');
insert into matches values(match_seq.nextval, DATE '2021-04-03', 0, 3, '18647', 'Arsenal', 'Liverpool', 'Emirates Stadium', 'Premier League 2021', '22222222224');
insert into matches values(match_seq.nextval, DATE '2021-04-04', 3, 2, '15064', 'Southampton', 'Burnley', 'St. Marys Stadium', 'Premier League 2021', '22222222224');
insert into matches values(match_seq.nextval, DATE '2021-04-04', 2, 2, '14485', 'Newcastle', 'Tottenham', 'St. James Park', 'Premier League 2021', '22222222224');
insert into matches values(match_seq.nextval, DATE '2021-04-04', 3, 1, '17274', 'Aston Villa', 'Fulham', 'Villa Park', 'Premier League 2021', '22222222224');
insert into matches values(match_seq.nextval, DATE '2021-04-04', 2, 1, '19694', 'Manchester United', 'Brighton', 'Old Trafford', 'Premier League 2021', '22222222224');
insert into matches values(match_seq.nextval, DATE '2021-04-05', 1, 1, '16426', 'Everton', 'Crystal Palace', 'Goodison Park', 'Premier League 2021', '22222222224');
insert into matches values(match_seq.nextval, DATE '2021-04-05', 2, 3, '11277', 'Wolves', 'West Ham', 'Molineux Stadium', 'Premier League 2021', '22222222224');
insert into matches values(match_seq.nextval, DATE '2021-04-09', 0, 1, '14856', 'Fulham', 'Wolves', 'Craven Cottage', 'Premier League 2021', '22222222224');
insert into matches values(match_seq.nextval, DATE '2021-04-10', 1, 2, '15707', 'Manchester City', 'Leeds', 'Etihad Stadium', 'Premier League 2021', '22222222224');
insert into matches values(match_seq.nextval, DATE '2021-04-10', 2, 1, '9596', 'Liverpool', 'Aston Villa', 'Anfield', 'Premier League 2021', '22222222224');
insert into matches values(match_seq.nextval, DATE '2021-04-10', 1, 4, '19435', 'Crystal Palace', 'Chelsea', 'Selhurst Park', 'Premier League 2021', '22222222224');
insert into matches values(match_seq.nextval, DATE '2021-04-11', 1, 2, '18171', 'Burnley', 'Newcastle', 'Turf Moor', 'Premier League 2021', '22222222224');
insert into matches values(match_seq.nextval, DATE '2021-04-11', 3, 2, '16383', 'West Ham', 'Leicester', 'London Stadium', 'Premier League 2021', '22222222224');
insert into matches values(match_seq.nextval, DATE '2021-04-11', 1, 3, '20655', 'Tottenham', 'Manchester United', 'Tottenham Hotspur Stadium', 'Premier League 2021', '22222222224');
insert into matches values(match_seq.nextval, DATE '2021-04-11', 0, 3, '13809', 'Sheffield United', 'Arsenal', 'Bramall Lane', 'Premier League 2021', '22222222224');
insert into matches values(match_seq.nextval, DATE '2021-04-12', 3, 0, '15603', 'West Brom', 'Southampton', 'The Hawthorns', 'Premier League 2021', '22222222224');
insert into matches values(match_seq.nextval, DATE '2021-04-12', 0, 0, '14008', 'Brighton', 'Everton', 'Amex Stadium', 'Premier League 2021', '22222222224');
insert into matches values(match_seq.nextval, DATE '2021-04-16', 2, 2, '19359', 'Everton', 'Tottenham', 'Goodison Park', 'Premier League 2021', '22222222224');
insert into matches values(match_seq.nextval, DATE '2021-04-17', 3, 2, '15777', 'Newcastle', 'West Ham', 'St. James Park', 'Premier League 2021', '22222222224');
insert into matches values(match_seq.nextval, DATE '2021-04-17', 1, 0, '19005', 'Wolves', 'Sheffield United', 'Molineux Stadium', 'Premier League 2021', '22222222224');
insert into matches values(match_seq.nextval, DATE '2021-04-18', 1, 1, '20324', 'Arsenal', 'Fulham', 'Emirates Stadium', 'Premier League 2021', '22222222224');
insert into matches values(match_seq.nextval, DATE '2021-04-18', 3, 1, '19905', 'Manchester United', 'Burnley', 'Old Trafford', 'Premier League 2021', '22222222224');
insert into matches values(match_seq.nextval, DATE '2021-04-19', 1, 1, '16766', 'Leeds', 'Liverpool', 'Elland Road', 'Premier League 2021', '22222222224');
insert into matches values(match_seq.nextval, DATE '2021-04-20', 0, 0, '11514', 'Chelsea', 'Brighton', 'Stamford Bridge', 'Premier League 2021', '22222222224');
insert into matches values(match_seq.nextval, DATE '2021-04-21', 2, 1, '20888', 'Tottenham', 'Southampton', 'Tottenham Hotspur Stadium', 'Premier League 2021', '22222222224');
insert into matches values(match_seq.nextval, DATE '2021-04-21', 1, 2, '20771', 'Aston Villa', 'Manchester City', 'Villa Park', 'Premier League 2021', '22222222224');
insert into matches values(match_seq.nextval, DATE '2021-04-22', 3, 0, '13964', 'Leicester', 'West Brom', 'King Power Stadium', 'Premier League 2021', '22222222224');
insert into matches values(match_seq.nextval, DATE '2021-04-23', 0, 1, '16147', 'Arsenal', 'Everton', 'Emirates Stadium', 'Premier League 2021', '22222222224');
insert into matches values(match_seq.nextval, DATE '2021-04-24', 1, 1, '19804', 'Liverpool', 'Newcastle', 'Anfield', 'Premier League 2021', '22222222224');
insert into matches values(match_seq.nextval, DATE '2021-04-24', 0, 1, '15611', 'West Ham', 'Chelsea', 'London Stadium', 'Premier League 2021', '22222222224');
insert into matches values(match_seq.nextval, DATE '2021-04-24', 1, 0, '12781', 'Sheffield United', 'Brighton', 'Bramall Lane', 'Premier League 2021', '22222222224');
insert into matches values(match_seq.nextval, DATE '2021-04-25', 0, 4, '13629', 'Wolves', 'Burnley', 'Molineux Stadium', 'Premier League 2021', '22222222224');
insert into matches values(match_seq.nextval, DATE '2021-04-25', 0, 0, '16992', 'Leeds', 'Manchester United', 'Elland Road', 'Premier League 2021', '22222222224');
insert into matches values(match_seq.nextval, DATE '2021-04-25', 2, 2, '13312', 'Aston Villa', 'West Brom', 'Villa Park', 'Premier League 2021', '22222222224');
insert into matches values(match_seq.nextval, DATE '2021-04-26', 2, 1, '16882', 'Leicester', 'Crystal Palace', 'King Power Stadium', 'Premier League 2021', '22222222224');
insert into matches values(match_seq.nextval, DATE '2021-04-30', 1, 1, '17729', 'Southampton', 'Leicester', 'St. Marys Stadium', 'Premier League 2021', '22222222224');
insert into matches values(match_seq.nextval, DATE '2021-05-01', 0, 2, '17337', 'Crystal Palace', 'Manchester City', 'Selhurst Park', 'Premier League 2021', '22222222224');
insert into matches values(match_seq.nextval, DATE '2021-05-01', 2, 0, '19458', 'Brighton', 'Leeds', 'Amex Stadium', 'Premier League 2021', '22222222224');
insert into matches values(match_seq.nextval, DATE '2021-05-01', 2, 0, '20305', 'Chelsea', 'Fulham', 'Stamford Bridge', 'Premier League 2021', '22222222224');
insert into matches values(match_seq.nextval, DATE '2021-05-01', 1, 2, '10593', 'Everton', 'Aston Villa', 'Goodison Park', 'Premier League 2021', '22222222224');
insert into matches values(match_seq.nextval, DATE '2021-05-02', 0, 2, '15461', 'Newcastle', 'Arsenal', 'St. James Park', 'Premier League 2021', '22222222224');
insert into matches values(match_seq.nextval, DATE '2021-05-02', 4, 0, '16149', 'Tottenham', 'Sheffield United', 'Tottenham Hotspur Stadium', 'Premier League 2021', '22222222224');
insert into matches values(match_seq.nextval, DATE '2021-05-03', 1, 1, '13683', 'West Brom', 'Wolves', 'The Hawthorns', 'Premier League 2021', '22222222224');
insert into matches values(match_seq.nextval, DATE '2021-05-03', 1, 2, '15100', 'Burnley', 'West Ham', 'Turf Moor', 'Premier League 2021', '22222222224');
insert into matches values(match_seq.nextval, DATE '2021-05-07', 2, 4, '16632', 'Leicester', 'Newcastle', 'King Power Stadium', 'Premier League 2021', '22222222224');
insert into matches values(match_seq.nextval, DATE '2021-05-08', 3, 1, '9878', 'Leeds', 'Tottenham', 'Elland Road', 'Premier League 2021', '22222222224');
insert into matches values(match_seq.nextval, DATE '2021-05-08', 0, 2, '16313', 'Sheffield United', 'Crystal Palace', 'Bramall Lane', 'Premier League 2021', '22222222224');
insert into matches values(match_seq.nextval, DATE '2021-05-08', 1, 2, '18841', 'Manchester City', 'Chelsea', 'Etihad Stadium', 'Premier League 2021', '22222222224');
insert into matches values(match_seq.nextval, DATE '2021-05-08', 2, 0, '13143', 'Liverpool', 'Southampton', 'Anfield', 'Premier League 2021', '22222222224');
insert into matches values(match_seq.nextval, DATE '2021-05-09', 2, 1, '11498', 'Wolves', 'Brighton', 'Molineux Stadium', 'Premier League 2021', '22222222224');
insert into matches values(match_seq.nextval, DATE '2021-05-09', 1, 3, '11235', 'Aston Villa', 'Manchester United', 'Villa Park', 'Premier League 2021', '22222222224');
insert into matches values(match_seq.nextval, DATE '2021-05-09', 0, 1, '14924', 'West Ham', 'Everton', 'London Stadium', 'Premier League 2021', '22222222224');
insert into matches values(match_seq.nextval, DATE '2021-05-09', 3, 1, '16609', 'Arsenal', 'West Brom', 'Emirates Stadium', 'Premier League 2021', '22222222224');
insert into matches values(match_seq.nextval, DATE '2021-05-10', 0, 2, '14865', 'Fulham', 'Burnley', 'Craven Cottage', 'Premier League 2021', '22222222224');
insert into matches values(match_seq.nextval, DATE '2021-05-11', 1, 2, '14856', 'Manchester United', 'Leicester', 'Old Trafford', 'Premier League 2021', '22222222224');
insert into matches values(match_seq.nextval, DATE '2021-05-11', 3, 1, '14837', 'Southampton', 'Crystal Palace', 'St. Marys Stadium', 'Premier League 2021', '22222222224');
insert into matches values(match_seq.nextval, DATE '2021-05-12', 0, 1, '20854', 'Chelsea', 'Arsenal', 'Stamford Bridge', 'Premier League 2021', '22222222224');
insert into matches values(match_seq.nextval, DATE '2021-05-13', 0, 0, '16729', 'Aston Villa', 'Everton', 'Villa Park', 'Premier League 2021', '22222222224');
insert into matches values(match_seq.nextval, DATE '2021-05-13', 2, 4, '13156', 'Manchester United', 'Liverpool', 'Old Trafford', 'Premier League 2021', '22222222224');
insert into matches values(match_seq.nextval, DATE '2021-05-14', 3, 4, '20908', 'Newcastle', 'Manchester City', 'St. James Park', 'Premier League 2021', '22222222224');
insert into matches values(match_seq.nextval, DATE '2021-05-15', 0, 4, '14598', 'Burnley', 'Leeds', 'Turf Moor', 'Premier League 2021', '22222222224');
insert into matches values(match_seq.nextval, DATE '2021-05-15', 3, 1, '20776', 'Southampton', 'Fulham', 'St. Marys Stadium', 'Premier League 2021', '22222222224');
insert into matches values(match_seq.nextval, DATE '2021-05-15', 1, 1, '17056', 'Brighton', 'West Ham', 'Amex Stadium', 'Premier League 2021', '22222222224');
insert into matches values(match_seq.nextval, DATE '2021-05-16', 3, 2, '18327', 'Crystal Palace', 'Aston Villa', 'Selhurst Park', 'Premier League 2021', '22222222224');
insert into matches values(match_seq.nextval, DATE '2021-05-16', 2, 0, '11211', 'Tottenham', 'Wolves', 'Tottenham Hotspur Stadium', 'Premier League 2021', '22222222224');
insert into matches values(match_seq.nextval, DATE '2021-05-16', 1, 2, '18861', 'West Brom', 'Liverpool', 'The Hawthorns', 'Premier League 2021', '22222222224');
insert into matches values(match_seq.nextval, DATE '2021-05-16', 0, 1, '9611', 'Everton', 'Sheffield United', 'Goodison Park', 'Premier League 2021', '22222222224');
insert into matches values(match_seq.nextval, DATE '2021-05-18', 1, 1, '14444', 'Manchester United', 'Fulham', 'Old Trafford', 'Premier League 2021', '22222222224');
insert into matches values(match_seq.nextval, DATE '2021-05-18', 0, 2, '15993', 'Southampton', 'Leeds', 'St. Marys Stadium', 'Premier League 2021', '22222222224');
insert into matches values(match_seq.nextval, DATE '2021-05-18', 3, 2, '17826', 'Brighton', 'Manchester City', 'Amex Stadium', 'Premier League 2021', '22222222224');
insert into matches values(match_seq.nextval, DATE '2021-05-18', 2, 1, '10124', 'Chelsea', 'Leicester', 'Stamford Bridge', 'Premier League 2021', '22222222224');
insert into matches values(match_seq.nextval, DATE '2021-05-19', 1, 0, '12441', 'Everton', 'Wolves', 'Goodison Park', 'Premier League 2021', '22222222224');
insert into matches values(match_seq.nextval, DATE '2021-05-19', 1, 0, '15094', 'Newcastle', 'Sheffield United', 'St. James Park', 'Premier League 2021', '22222222224');
insert into matches values(match_seq.nextval, DATE '2021-05-19', 1, 2, '10537', 'Tottenham', 'Aston Villa', 'Tottenham Hotspur Stadium', 'Premier League 2021', '22222222224');
insert into matches values(match_seq.nextval, DATE '2021-05-19', 1, 3, '16153', 'Crystal Palace', 'Arsenal', 'Selhurst Park', 'Premier League 2021', '22222222224');
insert into matches values(match_seq.nextval, DATE '2021-05-19', 0, 3, '15230', 'Burnley', 'Liverpool', 'Turf Moor', 'Premier League 2021', '22222222224');
insert into matches values(match_seq.nextval, DATE '2021-05-19', 1, 3, '21000', 'West Brom', 'West Ham', 'The Hawthorns', 'Premier League 2021', '22222222224');
insert into matches values(match_seq.nextval, DATE '2021-05-23', 2, 0, '13188', 'Arsenal', 'Brighton', 'Emirates Stadium', 'Premier League 2021', '22222222224');
insert into matches values(match_seq.nextval, DATE '2021-05-23', 2, 1, '16867', 'Aston Villa', 'Chelsea', 'Villa Park', 'Premier League 2021', '22222222224');
insert into matches values(match_seq.nextval, DATE '2021-05-23', 0, 2, '18159', 'Fulham', 'Newcastle', 'Craven Cottage', 'Premier League 2021', '22222222224');
insert into matches values(match_seq.nextval, DATE '2021-05-23', 3, 1, '15211', 'Leeds', 'West Brom', 'Elland Road', 'Premier League 2021', '22222222224');
insert into matches values(match_seq.nextval, DATE '2021-05-23', 2, 4, '10535', 'Leicester', 'Tottenham', 'King Power Stadium', 'Premier League 2021', '22222222224');
insert into matches values(match_seq.nextval, DATE '2021-05-23', 2, 0, '10189', 'Liverpool', 'Crystal Palace', 'Anfield', 'Premier League 2021', '22222222224');
insert into matches values(match_seq.nextval, DATE '2021-05-23', 5, 0, '19103', 'Manchester City', 'Everton', 'Etihad Stadium', 'Premier League 2021', '22222222224');
insert into matches values(match_seq.nextval, DATE '2021-05-23', 1, 0, '9554', 'Sheffield United', 'Burnley', 'Bramall Lane', 'Premier League 2021', '22222222224');
insert into matches values(match_seq.nextval, DATE '2021-05-23', 3, 0, '9755', 'West Ham', 'Southampton', 'London Stadium', 'Premier League 2021', '22222222224');
insert into matches values(match_seq.nextval, DATE '2021-05-23', 1, 2, '18122', 'Wolves', 'Manchester United', 'Molineux Stadium', 'Premier League 2021', '22222222224');

-- ---------------------------------------------------

insert into refereeing values('22222222221', 1, 'Referee');
insert into refereeing values('22222222222', 2, 'Referee');
insert into refereeing values('22222222223', 3, 'Referee');
insert into refereeing values('22222222222', 1, 'Linesman');
insert into refereeing values('22222222221', 2, 'Linesman');
insert into refereeing values('22222222221', 3, 'Linesman');
insert into refereeing values('22222222223', 1, 'Linesman');
insert into refereeing values('22222222223', 2, 'Linesman');
insert into refereeing values('22222222222', 3, 'Linesman');

insert into refereeing values('22222222221', 4, 'Referee');
insert into refereeing values('22222222221', 5, 'Referee');
insert into refereeing values('22222222221', 6, 'Referee');
insert into refereeing values('22222222222', 4, 'Linesman');
insert into refereeing values('22222222222', 5, 'Linesman');
insert into refereeing values('22222222222', 6, 'Linesman');
insert into refereeing values('22222222223', 4, 'Linesman');
insert into refereeing values('22222222223', 5, 'Linesman');
insert into refereeing values('22222222223', 6, 'Linesman');

-- ---------------------------------------------------

insert into participating values('11111111117', 1, 1, 0, 'No', 'No');
insert into participating values('11111111116', 1, 1, 0, 'Yes', 'No');
insert into participating values('11111111112', 1, 1, 0, 'No', 'No');
insert into participating values('11111111119', 2, 1, 0, 'No', 'No');
insert into participating values('11111111118', 2, 1, 0, 'Yes', 'No');
insert into participating values('11111111119', 3, 1, 0, 'Yes', 'Yes');
insert into participating values('11111111118', 3, 1, 0, 'Yes', 'No');
insert into participating values('11111111102', 4, 1, 0, 'Yes', 'No');
insert into participating values('11111111104', 5, 1, 0, 'No', 'No');
insert into participating values('11111111105', 5, 1, 0, 'Yes', 'No');
insert into participating values('11111111106', 5, 1, 0, 'No', 'No');
insert into participating values('11111111107', 5, 1, 0, 'Yes', 'No');
insert into participating values('11111111102', 6, 1, 0, 'No', 'No');
insert into participating values('11111111103', 6, 1, 0, 'Yes', 'No');

insert into participating values('11111111001', 386, 2, 1, 'Yes', 'No');
insert into participating values('11111111001', 268, 1, 2, 'Yes', 'No');
insert into participating values('11111111001', 332, 0, 0, 'Yes', 'No');
insert into participating values('11111111001', 17, 2, 0, 'Yes', 'No');
insert into participating values('11111111001', 58, 1, 1, 'Yes', 'No');

insert into participating values('11111111108', 234, 3, 0, 'Yes', 'No');
insert into participating values('11111111108', 364, 2, 0, 'Yes', 'No');
insert into participating values('11111111108', 12, 1, 0, 'Yes', 'No');
insert into participating values('11111111108', 72, 3, 0, 'Yes', 'No');
insert into participating values('11111111108', 111, 2, 1, 'Yes', 'No');

insert into participating values('11111111109', 322, 1, 1, 'Yes', 'No');
insert into participating values('11111111109', 9, 2, 1, 'Yes', 'No');
insert into participating values('11111111109', 59, 3, 0, 'Yes', 'No');
insert into participating values('11111111109', 92, 2, 2, 'Yes', 'No');
insert into participating values('11111111109', 112, 2, 2, 'Yes', 'No');

insert into participating values('11111111002', 12, 1, 1, 'Yes', 'No');
insert into participating values('11111111002', 72, 1, 2, 'Yes', 'No');

insert into participating values('11111111003', 334, 3, 0, 'Yes', 'No');
insert into participating values('11111111003', 31, 2, 1, 'Yes', 'No');

insert into participating values('11111111004', 34, 1, 1, 'Yes', 'No');
insert into participating values('11111111004', 84, 1, 0, 'Yes', 'No');

-- ---------------------------------------------------

commit;